Method,N,MAE (K),RMSE (K),Pearson,mean 卤 std,95% CI,RMSE mean 卤 std (K),RMSE 95% CI (K),Pearson mean 卤 std,Pearson 95% CI
Strongest baseline,100,24.667811318116822,36.794235009028036,0.9454411548517615,24.6678 卤 0.8529 K,"[24.4986, 24.8370] K",36.7942 卤 1.5908 K,"[36.4786, 37.1099] K",0.9454 卤 0.0049,"[0.9445, 0.9464]"
masd_final_trisoup_unionmask_clean_100run,100,23.981371523015014,36.2602781951575,0.9465844318267114,23.9814 卤 0.7988 K,"[23.8229, 24.1399] K",36.2603 卤 1.6086 K,"[35.9411, 36.5795] K",0.9466 卤 0.0049,"[0.9456, 0.9475]"
