subset,n_samples,baseline_mae_K,proposed_mae_K,delta_K,delta_ci95_low_K,delta_ci95_high_K,p_value,mean_tg_K,mean_max_train_tanimoto,mean_aromatic_rings,mean_uncertainty,label,order
near_train,153,21.26897572037441,20.48281809643515,0.7861576239392647,0.5928376863505191,0.9794775615280102,1.7071889591877133e-12,389.6666666666667,0.7549692610312894,2.0065359477124183,1.0599770509666624,Near-train,0
within_domain,135,21.66025531118888,20.873848445751047,0.7864068654378257,0.5806941595466785,0.9921195713289728,1.8347796738050103e-11,397.3333333333333,0.7732329860510697,2.1925925925925926,1.0729406399381656,Within-domain,1
high_tg,152,28.259239071293884,27.60534137831236,0.6538976929815196,0.4193038976933313,0.8884914882697078,2.602476817189651e-07,448.74013157894734,0.6671711774639926,2.4407894736842106,1.0665214212870864,High Tg,2
high_aromatic,163,26.05314456026979,25.54011739279156,0.5130271674782222,0.3213654673230947,0.7046888676333496,6.705173061613385e-07,430.0950920245399,0.6668532397317131,2.515337423312884,1.053658155764699,High aromaticity,3
shifted_domain,167,32.41717219278483,32.32242596083772,0.0947462319471161,-0.1172874139200924,0.3067798778143247,0.3774226267040477,330.1736526946108,0.5125524383979572,0.6826347305389222,0.9929596961735788,Shifted domain,4
far_train,149,34.11844924824349,34.107003401890694,0.0114458463528015,-0.2156943089954549,0.2385860017010579,0.920556915927128,329.93288590604027,0.4998148549769531,0.6912751677852349,0.9966091735217496,Far-train,5
