display_name,n,primary_mae_mean_k,primary_ci95_low_k,primary_ci95_high_k,hard_mae_mean_k,hard_ci95_low_k,hard_ci95_high_k,external_mae_mean_k,external_ci95_low_k,external_ci95_high_k,primary_delta_vs_baseline_k,hard_delta_vs_baseline_k,external_delta_vs_baseline_k,delta_vs_msce_primary_k,delta_vs_msce_hard_k,delta_vs_msce_external_k
Strongest baseline,5,24.9376096819326,23.70320747241079,26.17201189145441,31.9719884801794,28.325804082407,35.61817287795181,28.01637077331543,26.85873207921106,29.1740094674198,0.0,0.0,0.0,-0.5198264969424642,-0.5674705222800931,-0.1596172332763679
MSCE only,5,24.41778318499013,23.29326641565828,25.542299954322,31.404517957899305,28.16809138505868,34.64094453073994,27.856753540039065,26.923255228504782,28.790251851573338,0.5198264969424642,0.5674705222800931,0.1596172332763679,0.0,0.0,0.0
MSCE + RCMF,5,24.41778294130288,23.29326603530688,25.542299847298885,31.41327718098958,28.191979773732065,34.6345745882471,27.856753540039065,26.923255228504782,28.790251851573338,0.5198267406297177,0.5587112991898167,0.1596172332763679,2.4368725348722364e-07,-0.0087592230902764,0.0
MSCE + MASD (no RCMF),5,24.38081783765759,23.363192003553603,25.39844367176158,30.57820502387153,26.80329777401828,34.35311227372477,27.55256462097168,26.70644005443512,28.398689187508243,0.5567918442750077,1.3937834563078724,0.46380615234375,0.0369653473325435,0.8263129340277793,0.3041889190673821
MSCE + RCMF + MASD,5,24.408670304634004,23.27980255044945,25.53753805881856,30.707782208478005,28.75262729956717,32.66293711738884,27.800048065185543,26.846406336769327,28.753689793601765,0.5289393772985953,1.2642062717013935,0.2163227081298835,0.0091128803561311,0.6967357494213005,0.0567054748535156
